id,email,campaign,test,created_at,birthday,age_on_signup
1,gchesshire0@ucoz.ru,,,2017-01-26,1982-04-17,35
2,rbritner1@is.gd,,,2017-10-08,1970-01-16,47
3,acoysh2@canalblog.com,,,2017-09-05,1986-08-11,31
4,rbasley3@google.cn,,,2017-07-29,1960-08-29,57
5,kdury4@elpais.com,,,2017-05-28,1988-10-02,29
6,ssnowball5@ucoz.com,,,2017-11-23,1962-06-13,55
7,dbagshaw6@elpais.com,,,2017-11-17,1963-12-17,54
8,tdurden7@usgs.gov,,bears,2017-04-09,1989-08-12,28
9,rtinn8@archive.org,,,2017-01-14,1960-11-08,57
10,styndall9@vimeo.com,,bears,2017-11-05,1976-01-20,41
11,tmacmeanmaa@tripadvisor.com,,,2017-11-02,1985-01-09,32
12,hhandmanb@macromedia.com,,bears,2017-05-29,1963-10-24,54
13,mbixleyc@seesaa.net,,,2017-05-22,1967-09-16,50
14,torowaned@patch.com,,,2017-03-27,1963-02-24,54
15,gsharlande@barnesandnoble.com,,,2017-08-03,1960-12-30,57
16,gwrefordf@globo.com,,,2017-05-11,1967-02-20,50
17,vdimmerg@123-reg.co.uk,AAA-1,,2017-02-04,1983-05-07,34
18,mmcardh@ezinearticles.com,,,2017-06-01,1985-04-18,32
19,bsprasoni@paginegialle.it,,,2017-06-10,1984-05-19,33
20,hyakunkinj@yellowbook.com,,,2017-10-09,1989-03-03,28
21,nvank@uiuc.edu,,,2017-03-17,1966-01-20,51
22,jcornelll@tiny.cc,,,2017-06-15,1980-09-01,37
23,mfontellesm@lulu.com,,tigers,2017-07-16,1988-08-10,29
24,rclapsonn@uiuc.edu,,,2017-11-07,1970-04-27,47
25,cmcorkillo@t.co,,lions,2017-12-21,1988-04-16,29
26,dfrottonp@myspace.com,,,2017-02-01,1960-01-28,57
27,agligoraciq@thetimes.co.uk,,,2017-10-21,1981-10-26,36
28,bcicconer@sciencedirect.com,,tigers,2017-09-21,1989-05-06,28
29,rvittoris@pagesperso-orange.fr,,,2017-10-07,1963-01-11,54
30,bbollettit@cmu.edu,,,2017-12-01,1979-01-09,38
31,bnoadsu@howstuffworks.com,,bears,2017-04-29,1967-08-11,50
32,wtutchenerv@usatoday.com,,,2017-10-16,1970-10-30,47
33,gkarusw@github.com,,,2017-04-03,1975-01-11,42
34,milyushkinx@webnode.com,,,2017-09-10,1975-08-21,42
35,bskirliny@mapy.cz,,,2017-11-07,1989-08-23,28
36,spatekz@sciencedaily.com,,,2017-04-03,1978-08-18,39
37,blindback10@bizjournals.com,,,2017-04-23,1977-02-19,40
38,sforsyth11@ow.ly,,,2017-02-21,1975-07-03,42
39,mdominey12@gov.uk,,,2017-10-14,1977-10-10,40
40,sirving13@php.net,,bears,2017-06-10,1987-09-03,30
41,gleivesley14@comcast.net,,,2017-05-07,1975-05-23,42
42,cgornar15@psu.edu,,bears,2017-07-23,1986-12-17,31
43,ssharma16@whitehouse.gov,,,2017-03-10,1988-11-23,29
44,smilksop17@surveymonkey.com,,,2017-08-12,1970-12-11,47
45,lmalden18@va.gov,,,2017-11-15,1989-08-04,28
46,aquinnell19@uiuc.edu,,,2017-06-03,1987-05-15,30
47,gclackson1a@wisc.edu,,,2017-08-12,1977-07-29,40
48,bpaxton1b@uiuc.edu,,bears,2017-07-27,1973-07-11,44
49,pmooring1c@ning.com,,,2017-12-04,1966-10-03,51
50,lhunnicot1d@livejournal.com,,,2017-12-10,1974-02-07,43
51,zlamminam1e@opera.com,,,2017-01-25,1983-04-24,34
52,clemmers1f@weibo.com,,,2017-08-03,1972-10-10,45
53,ebangley1g@newyorker.com,,,2017-08-22,1963-08-22,54
54,cwilloughley1h@cam.ac.uk,,,2017-04-23,1969-06-15,48
55,ktownsend1i@mediafire.com,,bears,2017-03-17,1961-08-15,56
56,egashion1j@angelfire.com,BBB-2,,2017-02-01,1967-10-23,50
57,ajordine1k@furl.net,,lions,2017-07-18,1988-07-12,29
58,dgibke1l@smh.com.au,,,2017-11-19,1972-07-14,45
59,hpeddar1m@netlog.com,,,2017-06-07,1961-11-07,56
60,vstrelitz1n@irs.gov,,,2017-04-05,1986-03-19,31
61,gfusco1o@sohu.com,,,2017-04-16,1966-01-22,51
62,aofallowne1p@bloomberg.com,,,2017-08-05,1963-06-09,54
63,kparncutt1q@studiopress.com,,,2017-02-13,1968-10-23,49
64,gwaleran1r@naver.com,,,2017-09-05,1963-09-04,54
65,lblouet1s@thetimes.co.uk,,,2017-01-05,1988-01-02,29
66,dclowney1t@nymag.com,,lions,2017-09-06,1983-01-12,34
67,cgoldis1u@123-reg.co.uk,,,2017-02-06,1987-04-03,30
68,cnowaczyk1v@people.com.cn,,,2017-07-17,1975-07-17,42
69,aschiefersten1w@tuttocitta.it,,,2017-11-21,1989-06-03,28
70,mgoford1x@wordpress.org,,,2017-05-19,1969-01-09,48
71,dworner1y@exblog.jp,,,2017-05-12,1973-12-26,44
72,jsummerly1z@tinyurl.com,,,2017-08-19,1983-09-09,34
73,nhaddacks20@independent.co.uk,,lions,2017-09-16,1969-07-08,48
74,wcoburn21@who.int,,,2017-10-24,1972-07-09,45
75,jfawley22@zdnet.com,BBB-1,,2017-03-19,1986-01-20,31
76,csukbhans23@sbwire.com,,,2017-01-03,1988-11-22,29
77,smissen24@360.cn,,,2017-03-12,1980-11-02,37
78,jordemann25@live.com,,,2017-10-16,1987-10-24,30
79,lquye26@constantcontact.com,,tigers,2017-04-18,1982-01-18,35
80,esimper27@google.ca,,,2017-10-17,1987-11-17,30
81,gbonnick28@adobe.com,,tigers,2017-02-25,1979-05-30,38
82,jhawkswell29@twitpic.com,,,2017-12-14,1983-05-26,34
83,dmitkcov2a@amazon.co.jp,,,2017-07-07,1968-12-27,49
84,ytremble2b@jugem.jp,,,2017-09-04,1974-06-09,43
85,lginnety2c@storify.com,,,2017-03-12,1962-09-30,55
86,iwarlow2d@eventbrite.com,,,2017-09-21,1968-07-12,49
87,wtuhy2e@dedecms.com,,,2017-02-10,1980-06-19,37
88,wrailton2f@reuters.com,,,2017-12-24,1982-08-01,35
89,eomrod2g@yandex.ru,,,2017-05-30,1978-03-07,39
90,ggrute2h@cdc.gov,,,2017-09-28,1973-06-24,44
91,ggilardone2i@ebay.com,,,2017-05-10,1981-06-14,36
92,dosmund2j@nhs.uk,,,2017-01-20,1966-07-02,51
93,wstruijs2k@kickstarter.com,BBB-2,,2017-01-04,1983-12-10,34
94,tscoggans2l@squidoo.com,,,2017-06-08,1963-12-21,54
95,beastway2m@zdnet.com,,,2017-02-20,1986-10-16,31
96,mjeness2n@thetimes.co.uk,,,2017-11-03,1987-10-26,30
97,mmellodey2o@list-manage.com,,,2017-06-22,1973-01-22,44
98,pgeffe2p@spiegel.de,,,2017-06-24,1980-04-06,37
99,rvelden2q@yale.edu,,,2017-02-03,1981-05-26,36
100,ddorkens2r@deviantart.com,,,2017-02-07,1962-10-19,55
101,pselwyne2s@smh.com.au,,tigers,2017-02-06,1983-02-01,34
102,severingham2t@economist.com,,,2017-04-11,1980-08-27,37
103,abrosel2u@engadget.com,,,2017-11-05,1965-07-18,52
104,laggis2v@google.it,,,2017-12-23,1987-11-15,30
105,sbartlosz2w@digg.com,,,2017-06-27,1989-05-23,28
106,chowey2x@github.io,,tigers,2017-04-30,1989-12-02,28
107,cpetrakov2y@51.la,,,2017-03-12,1973-12-24,44
108,mrapport2z@slate.com,,,2017-09-28,1980-05-09,37
109,slewens30@squarespace.com,,bears,2017-03-17,1963-07-09,54
110,ekilliam31@sourceforge.net,,,2017-11-17,1969-07-16,48
111,stoombs32@illinois.edu,,,2017-01-14,1980-03-23,37
112,blatus33@netscape.com,,,2017-07-22,1966-02-12,51
113,poliff34@opensource.org,,,2017-06-25,1987-09-12,30
114,ccopcote35@histats.com,,,2017-10-25,1974-01-14,43
115,ehammand36@comsenz.com,,tigers,2017-08-28,1968-05-25,49
116,scrawford37@diigo.com,,,2017-12-31,1971-05-13,46
117,wbraybrookes38@indiegogo.com,,,2017-07-26,1982-01-06,35
118,rlampbrecht39@eventbrite.com,,,2017-11-10,1974-02-11,43
119,lkuschke3a@google.com.hk,,tigers,2017-11-07,1973-08-02,44
120,abaraja3b@amazonaws.com,,,2017-10-16,1960-12-05,57
121,gtetlow3c@jimdo.com,BBB-1,,2017-09-20,1974-03-06,43
122,whewell3d@elegantthemes.com,,,2017-03-04,1985-06-11,32
123,smelrose3e@amazonaws.com,,,2017-10-09,1989-09-25,28
124,ctitcumb3f@macromedia.com,,tigers,2017-04-16,1961-08-13,56
125,hdaniele3g@hao123.com,AAA-1,,2017-01-03,1963-10-25,54
126,gsimo3h@google.ru,,bears,2017-02-10,1988-05-19,29
127,bwyndham3i@ning.com,,,2017-07-02,1968-05-10,49
128,lsteers3j@blinklist.com,,,2017-12-19,1970-06-29,47
129,ecleft3k@rakuten.co.jp,,,2017-09-25,1965-09-09,52
130,cradloff3l@tiny.cc,,,2017-10-07,1985-08-20,32
131,scorre3m@kickstarter.com,,,2017-11-03,1973-12-10,44
132,vcraiker3n@examiner.com,,,2017-11-06,1987-04-14,30
133,fitzkov3o@uol.com.br,,,2017-05-23,1967-09-01,50
134,arainsdon3p@discovery.com,,,2017-03-03,1965-01-01,52
135,csmogur3q@sbwire.com,BBB-2,lions,2017-01-05,1968-11-12,49
136,flindfors3r@msu.edu,,bears,2017-02-13,1966-07-13,51
137,kbalfre3s@smugmug.com,,,2017-12-22,1961-08-25,56
138,etasseler3t@theatlantic.com,,,2017-10-18,1965-04-25,52
139,jgleader3u@imageshack.us,BBB-2,,2017-09-28,1980-11-10,37
140,evondrasek3v@moonfruit.com,,,2017-12-21,1963-02-17,54
141,dwhopples3w@t.co,,bears,2017-11-26,1962-07-27,55
142,swarry3x@baidu.com,,bears,2017-11-11,1980-10-13,37
143,cphillimore3y@huffingtonpost.com,,tigers,2017-10-14,1981-10-23,36
144,hcarmel3z@google.ca,,,2017-04-20,1983-10-15,34
145,eroebottom40@jalbum.net,,,2017-08-03,1977-08-05,40
146,dshuttleworth41@reference.com,BBB-2,,2017-06-28,1988-11-03,29
147,mjacobssen42@sbwire.com,BBB-1,,2017-03-19,1980-12-23,37
148,sstolberger43@uol.com.br,,bears,2017-12-23,1964-12-04,53
149,rsnelling44@cpanel.net,,,2017-04-28,1965-06-14,52
150,gkeough45@lulu.com,,,2017-07-21,1987-12-27,30
151,hcrutch46@umn.edu,,,2017-11-26,1985-04-02,32
152,efranek47@princeton.edu,,,2017-08-09,1980-01-29,37
153,sboud48@epa.gov,BBB-2,,2017-07-30,1965-09-10,52
154,bkenshole49@ehow.com,AAA-1,,2017-02-27,1985-06-02,32
155,zgarrad4a@walmart.com,,,2017-04-03,1983-05-09,34
156,bmeritt4b@nifty.com,,bears,2017-07-29,1986-11-24,31
157,jjeanenet4c@forbes.com,,,2017-09-04,1965-05-22,52
158,hmilverton4d@zimbio.com,,,2017-04-27,1968-11-25,49
159,jginglell4e@indiegogo.com,,,2017-11-01,1987-06-22,30
160,cfort4f@storify.com,,,2017-03-19,1966-07-29,51
161,jworsom4g@github.com,,,2017-05-03,1984-10-25,33
162,whardin4h@discovery.com,,,2017-07-25,1977-10-28,40
163,eidiens4i@cdc.gov,,,2017-03-28,1968-06-09,49
164,drannie4j@noaa.gov,,,2017-07-12,1984-05-25,33
165,gbrennon4k@ow.ly,,,2017-08-03,1974-02-10,43
166,bkleinmann4l@patch.com,,,2017-06-24,1978-07-23,39
167,pkiggel4m@japanpost.jp,,,2017-08-01,1964-09-11,53
168,bprosh4n@tripod.com,,,2017-07-27,1968-02-16,49
169,ebert4o@harvard.edu,,,2017-08-30,1986-09-06,31
170,bgilham4p@vk.com,AAA-2,,2017-07-04,1989-09-18,28
171,csteenson4q@feedburner.com,,,2017-10-07,1980-03-17,37
172,hstuart4r@wordpress.org,,,2017-01-02,1984-06-08,33
173,rezzy4s@github.com,,,2017-04-02,1988-01-18,29
174,fcapnerhurst4t@alexa.com,,,2017-12-13,1977-11-02,40
175,jaylin4u@chron.com,,,2017-09-20,1960-05-07,57
176,aburner4v@google.com.br,BBB-1,,2017-07-10,1972-12-17,45
177,mbuscombe4w@51.la,AAA-2,,2017-07-16,1967-08-20,50
178,jvanzon4x@wiley.com,,,2017-12-07,1964-11-10,53
179,pbirt4y@nasa.gov,,,2017-04-09,1978-11-08,39
180,bjoyce4z@webnode.com,,,2017-10-30,1978-07-03,39
181,tcoyte50@posterous.com,,,2017-06-27,1966-01-08,51
182,dgibbins51@lulu.com,,,2017-06-07,1981-09-16,36
183,grushman52@wp.com,,bears,2017-07-28,1961-02-09,56
184,njoscelyn53@buzzfeed.com,,,2017-06-20,1971-08-08,46
185,clerven54@xinhuanet.com,,bears,2017-05-22,1987-06-08,30
186,wlambal55@google.com.hk,,,2017-08-29,1987-08-11,30
187,gbailles56@oaic.gov.au,,,2017-12-14,1983-03-26,34
188,badriaan57@booking.com,,,2017-08-06,1987-01-27,30
189,fkinker58@yale.edu,,,2017-05-10,1983-05-12,34
190,pbury59@live.com,,,2017-11-24,1975-12-09,42
191,gfarre5a@clickbank.net,,,2017-12-29,1961-10-20,56
192,nspyby5b@deliciousdays.com,,,2017-09-13,1963-03-19,54
193,cbouts5c@sourceforge.net,,,2017-02-22,1983-02-27,34
194,gdoumer5d@cdc.gov,,,2017-10-29,1980-02-02,37
195,svanderweedenburg5e@naver.com,,,2017-01-18,1976-03-05,41
196,ahatry5f@wordpress.org,,bears,2017-06-15,1974-10-10,43
197,gryall5g@sina.com.cn,,,2017-10-08,1973-09-26,44
198,nsultan5h@newsvine.com,,,2017-04-01,1974-02-05,43
199,dreven5i@japanpost.jp,,,2017-04-03,1977-12-29,40
200,nkardos5j@wsj.com,,,2017-02-15,1986-06-04,31
201,ngeane5k@clickbank.net,,,2017-08-19,1964-04-04,53
202,pavrahamy5l@blogtalkradio.com,,lions,2017-02-02,1968-12-16,49
203,lhudson5m@ca.gov,,,2017-11-25,1989-12-17,28
204,dfritter5n@ifeng.com,,,2017-06-11,1989-08-16,28
205,bdomican5o@reddit.com,,,2017-09-03,1986-01-08,31
206,taldgate5p@desdev.cn,,,2017-05-08,1962-04-21,55
207,nsowerby5q@unblog.fr,,bears,2017-08-21,1976-11-01,41
208,cridsdale5r@booking.com,,,2017-09-16,1974-04-23,43
209,gbatchelor5s@reuters.com,,,2017-02-12,1986-07-25,31
210,csmallman5t@marketwatch.com,,,2017-06-06,1963-01-06,54
211,rbeggs5u@github.io,,,2017-02-01,1989-07-02,28
212,dimpson5v@nifty.com,,,2017-01-21,1981-05-12,36
213,vyankeev5w@mapquest.com,,,2017-04-07,1965-11-18,52
214,jemanson5x@japanpost.jp,,,2017-12-01,1977-09-06,40
215,hpeeter5y@nps.gov,,tigers,2017-10-19,1960-02-24,57
216,csheircliffe5z@sphinn.com,,,2017-03-29,1977-03-10,40
217,bansell60@fema.gov,,bears,2017-04-08,1961-02-07,56
218,lcramond61@google.com.au,,,2017-05-02,1976-04-27,41
219,rmaccrossan62@csmonitor.com,,,2017-06-04,1985-10-10,32
220,yciccottio63@wunderground.com,,bears,2017-07-20,1980-07-10,37
221,cpowles64@businessweek.com,,,2017-04-11,1965-02-20,52
222,aclaige65@craigslist.org,,,2017-08-28,1981-01-09,36
223,earmytage66@yellowpages.com,,,2017-02-13,1971-09-28,46
224,ltitley67@pbs.org,,,2017-08-12,1985-12-20,32
225,wtaill68@mac.com,AAA-2,,2017-05-11,1967-10-10,50
226,knesbitt69@example.com,,,2017-01-19,1982-10-17,35
227,rcannam6a@theguardian.com,,,2017-12-14,1972-09-01,45
228,cwestberg6b@bloglovin.com,,,2017-04-04,1976-08-22,41
229,kharteley6c@exblog.jp,,bears,2017-12-26,1970-04-19,47
230,dkorlat6d@jugem.jp,,,2017-05-29,1963-07-30,54
231,tverner6e@etsy.com,,,2017-04-10,1961-11-19,56
232,ostobbs6f@goo.ne.jp,,,2017-12-21,1980-01-18,37
233,mfarfull6g@soundcloud.com,,,2017-08-11,1963-03-07,54
234,strynor6h@nytimes.com,,tigers,2017-02-10,1966-03-25,51
235,hclue6i@hao123.com,,tigers,2017-08-30,1963-02-17,54
236,jmackean6j@microsoft.com,,bears,2017-09-22,1984-07-16,33
237,rmactrustram6k@xrea.com,,,2017-03-10,1966-11-05,51
238,mgregan6l@reference.com,,,2017-09-07,1986-10-24,31
239,lfiggins6m@netscape.com,,,2017-11-01,1962-09-09,55
240,jkunneke6n@bigcartel.com,,bears,2017-04-05,1975-01-24,42
241,whulett6o@slate.com,,,2017-04-12,1964-02-02,53
242,zkenset6p@last.fm,,,2017-03-31,1960-02-25,57
243,ajarratt6q@epa.gov,,,2017-08-14,1961-02-13,56
244,bfontel6r@reddit.com,,bears,2017-09-25,1961-05-06,56
245,awadie6s@sfgate.com,,tigers,2017-04-23,1981-08-29,36
246,jkulver6t@delicious.com,,bears,2017-01-03,1981-11-14,36
247,moret6u@apache.org,,,2017-07-12,1982-02-11,35
248,cantram6v@nps.gov,BBB-1,,2017-04-03,1961-10-08,56
249,riceton6w@ovh.net,,,2017-06-01,1964-04-05,53
250,csweed6x@cnbc.com,,lions,2017-11-01,1970-12-08,47
251,direson6y@ow.ly,,tigers,2017-03-05,1964-05-05,53
252,blevison6z@theglobeandmail.com,,bears,2017-09-18,1977-09-11,40
253,msantello70@surveymonkey.com,,,2017-09-10,1970-01-13,47
254,hcolnet71@lulu.com,,,2017-02-13,1961-06-12,56
255,airon72@bizjournals.com,,,2017-10-05,1961-11-04,56
256,hoflannery73@sciencedirect.com,,,2017-07-17,1981-09-24,36
257,gdunkerly74@noaa.gov,,,2017-12-21,1984-06-23,33
258,svearnals75@java.com,,,2017-01-18,1969-10-21,48
259,lleere76@npr.org,,bears,2017-05-22,1969-08-16,48
260,tearley77@github.com,,bears,2017-08-02,1969-12-05,48
261,hclemence78@ft.com,,,2017-05-21,1967-11-20,50
262,adugget79@umich.edu,,,2017-12-04,1984-01-09,33
263,hmcilhone7a@wunderground.com,,tigers,2017-02-19,1977-01-30,40
264,gaslum7b@lycos.com,,,2017-10-30,1980-09-23,37
265,shawk7c@elegantthemes.com,,bears,2017-09-29,1960-09-16,57
266,ndelmonte7d@shinystat.com,,,2017-03-25,1963-08-24,54
267,pfawdry7e@cbslocal.com,,,2017-12-23,1961-06-05,56
268,edurden7f@php.net,,,2017-06-18,1979-05-11,38
269,rpressman7g@1und1.de,BBB-1,lions,2017-06-26,1968-08-23,49
270,eroantree7h@latimes.com,,,2017-02-18,1965-07-09,52
271,elatimer7i@skyrock.com,,tigers,2017-04-21,1965-10-10,52
272,amacgettigen7j@ezinearticles.com,,,2017-05-12,1985-09-29,32
273,lmaro7k@foxnews.com,,,2017-02-09,1961-07-25,56
274,ecruxton7l@marriott.com,,,2017-11-24,1987-04-17,30
275,lhewins7m@weather.com,AAA-1,,2017-10-14,1987-06-28,30
276,jbalhatchet7n@t-online.de,,,2017-10-19,1983-01-23,34
277,sfautley7o@newyorker.com,,,2017-11-21,1967-04-26,50
278,ekliche7p@list-manage.com,,,2017-02-24,1965-03-25,52
279,fcroxon7q@go.com,,,2017-02-16,1981-01-08,36
280,afavela7r@smh.com.au,,,2017-06-23,1985-06-05,32
281,dticic7s@archive.org,,bears,2017-04-02,1986-08-24,31
282,gdottridge7t@yahoo.com,,,2017-10-07,1980-02-22,37
283,stapply7u@fda.gov,BBB-2,,2017-05-23,1961-09-01,56
284,tgatcliff7v@mapy.cz,,bears,2017-01-22,1976-06-19,41
285,harnli7w@wisc.edu,,,2017-09-19,1964-12-09,53
286,ghuster7x@rambler.ru,,bears,2017-08-09,1985-02-07,32
287,kshaddick7y@wordpress.com,,,2017-07-21,1986-03-22,31
288,slampke7z@blogtalkradio.com,,,2017-06-06,1983-04-04,34
289,diwaszkiewicz80@imgur.com,,,2017-03-18,1979-10-03,38
290,aballham81@spiegel.de,,,2017-01-22,1988-06-18,29
291,eantoszewski82@weibo.com,,,2017-01-23,1986-10-29,31
292,eshepherdson83@canalblog.com,,,2017-08-28,1965-03-15,52
293,glowdeane84@apple.com,,,2017-10-05,1972-04-02,45
294,karnfield85@vk.com,,,2017-08-16,1971-12-04,46
295,ppetracco86@shareasale.com,,bears,2017-04-02,1962-10-23,55
296,hphear87@jiathis.com,,bears,2017-07-20,1982-10-26,35
297,tmundall88@vk.com,,,2017-10-12,1969-10-02,48
298,bwinson89@mozilla.com,,,2017-09-03,1984-02-18,33
299,lfitchew8a@furl.net,,,2017-03-06,1963-07-04,54
300,bwilliscroft8b@reverbnation.com,,,2017-10-31,1964-01-03,53
301,ltongs8c@yahoo.com,,,2017-10-30,1981-11-01,36
302,awakely8d@dot.gov,BBB-1,,2017-09-16,1972-01-09,45
303,bleband8e@blinklist.com,,,2017-07-16,1964-08-12,53
304,dalessandrucci8f@hugedomains.com,,,2017-02-19,1969-10-10,48
305,cantoniutti8g@theatlantic.com,,,2017-03-09,1987-12-18,30
306,ttrusler8h@merriam-webster.com,,,2017-03-02,1989-12-30,28
307,dhaldon8i@4shared.com,BBB-2,,2017-06-27,1967-12-27,50
308,rmaguire8j@bizjournals.com,,,2017-02-26,1963-09-08,54
309,atoseland8k@smugmug.com,,bears,2017-09-07,1983-09-14,34
310,rjoppich8l@cargocollective.com,,bears,2017-07-03,1989-03-26,28
311,nreskelly8m@discovery.com,BBB-2,,2017-03-02,1978-08-22,39
312,bsylvaine8n@indiegogo.com,,bears,2017-10-31,1978-06-13,39
313,kvickar8o@prlog.org,,,2017-01-24,1981-11-11,36
314,tledeker8p@dropbox.com,,,2017-07-15,1978-12-17,39
315,nesser8q@imdb.com,,bears,2017-08-04,1965-11-18,52
316,tbeavis8r@nydailynews.com,,,2017-01-15,1970-05-18,47
317,mosban8s@foxnews.com,,,2017-07-28,1979-11-30,38
318,sivan8t@constantcontact.com,BBB-2,bears,2017-07-04,1976-11-06,41
319,lwestgate8u@miitbeian.gov.cn,,,2017-10-17,1973-08-27,44
320,dglavis8v@bbc.co.uk,,bears,2017-07-07,1986-12-26,31
321,dwyant8w@shinystat.com,,,2017-09-27,1976-05-20,41
322,rmcrorie8x@tamu.edu,BBB-1,,2017-04-22,1975-03-05,42
323,sguttridge8y@addthis.com,,,2017-02-06,1975-09-24,42
324,cmatityahu8z@paginegialle.it,,lions,2017-05-03,1964-07-23,53
325,tterrey90@globo.com,,,2017-03-19,1974-10-01,43
326,cferbrache91@lycos.com,,,2017-09-17,1983-04-16,34
327,bsends92@cdc.gov,,,2017-02-12,1961-07-14,56
328,balbon93@diigo.com,,,2017-04-23,1969-10-22,48
329,dcastillo94@soup.io,,,2017-05-18,1961-04-17,56
330,mpostlethwaite95@lulu.com,,,2017-08-22,1986-06-23,31
331,fdavaux96@tamu.edu,,,2017-06-08,1977-02-20,40
332,mgillespie97@imgur.com,,,2017-10-19,1963-10-31,54
333,scavet98@omniture.com,BBB-2,,2017-03-18,1982-08-13,35
334,fivankin99@stumbleupon.com,,bears,2017-10-29,1964-08-04,53
335,mjirsa9a@newsvine.com,,,2017-03-22,1970-05-11,47
336,hnudds9b@google.com.au,,lions,2017-07-16,1988-08-06,29
337,mballing9c@1und1.de,,,2017-04-20,1975-10-03,42
338,ncarwithen9d@prnewswire.com,,,2017-10-21,1971-04-18,46
339,lwyllt9e@networksolutions.com,,,2017-11-23,1973-03-02,44
340,asantello9f@last.fm,,bears,2017-06-07,1966-08-28,51
341,nbrevetor9g@opera.com,,,2017-10-05,1971-01-21,46
342,llowndes9h@aol.com,,tigers,2017-05-23,1970-04-24,47
343,kkeeley9i@businessweek.com,,bears,2017-04-13,1988-02-27,29
344,shouldin9j@fotki.com,,,2017-09-28,1983-01-26,34
345,espencer9k@jiathis.com,,,2017-04-27,1979-09-21,38
346,hhazelgreave9l@slideshare.net,,,2017-06-25,1969-03-02,48
347,gdomniney9m@bing.com,,,2017-03-13,1971-04-14,46
348,mlegon9n@biblegateway.com,,,2017-04-10,1979-04-30,38
349,dkalisz9o@mlb.com,,,2017-02-13,1981-04-08,36
350,cgidden9p@miibeian.gov.cn,,,2017-03-22,1960-08-05,57
351,vbritto9q@addthis.com,,,2017-03-05,1961-06-19,56
352,mgauch9r@prweb.com,,,2017-12-03,1963-12-11,54
353,nkores9s@ft.com,,,2017-06-28,1983-07-29,34
354,rsearchfield9t@virginia.edu,,,2017-11-08,1971-11-10,46
355,dpasterfield9u@newsvine.com,,tigers,2017-01-20,1986-07-07,31
356,fmacnalley9v@usa.gov,,,2017-09-15,1972-01-19,45
357,mgolbourn9w@jugem.jp,,,2017-05-17,1987-02-11,30
358,atrubshaw9x@ftc.gov,,,2017-10-19,1965-07-15,52
359,tciccetti9y@nationalgeographic.com,,,2017-01-21,1974-07-30,43
360,dgoretti9z@nature.com,,tigers,2017-03-30,1980-02-24,37
361,asheldona0@prnewswire.com,,bears,2017-07-24,1963-04-26,54
362,mhuytona1@example.com,,bears,2017-10-11,1962-03-28,55
363,ltownera2@dmoz.org,,,2017-06-18,1971-05-11,46
364,omcspirrona3@stanford.edu,,tigers,2017-11-28,1969-07-16,48
365,eczaplea4@irs.gov,,,2017-11-18,1982-05-01,35
366,rlowcocka5@virginia.edu,,,2017-06-22,1985-04-06,32
367,mimlacha6@fda.gov,,,2017-04-02,1984-03-19,33
368,komonda7@scientificamerican.com,,,2017-03-26,1960-03-15,57
369,vleyrroyda8@odnoklassniki.ru,,,2017-07-01,1961-11-19,56
370,dbifielda9@i2i.jp,,,2017-10-11,1974-12-04,43
371,smalyanaa@wisc.edu,,,2017-03-09,1975-01-28,42
372,dgepheartab@samsung.com,,,2017-12-04,1981-09-16,36
373,fmorforthac@ebay.com,,,2017-03-20,1964-12-23,53
374,epatifieldad@dmoz.org,,,2017-07-26,1974-03-23,43
375,ggrinikhinovae@dmoz.org,,bears,2017-11-30,1979-02-19,38
376,hswatmanaf@qq.com,,,2017-12-07,1986-03-07,31
377,btudgayag@dion.ne.jp,,,2017-08-31,1975-02-16,42
378,ltanswillah@discovery.com,,,2017-06-22,1975-07-10,42
379,astarfordai@pbs.org,BBB-2,,2017-10-29,1967-01-28,50
380,lbarnbrookaj@jalbum.net,,,2017-01-14,1988-04-23,29
381,esigertak@umich.edu,,,2017-08-31,1974-10-11,43
382,jgrottyal@walmart.com,,bears,2017-06-28,1965-12-10,52
383,idengelam@barnesandnoble.com,BBB-2,,2017-11-15,1967-12-26,50
384,bohmsan@ebay.co.uk,,,2017-06-11,1982-09-08,35
385,gwillstropao@usnews.com,,lions,2017-06-06,1973-08-03,44
386,ioddieap@apple.com,,,2017-04-29,1976-06-12,41
387,mclixbyaq@ycombinator.com,,,2017-06-10,1989-07-03,28
388,ehadwenar@surveymonkey.com,,tigers,2017-01-06,1974-05-05,43
389,akeydenas@xing.com,,,2017-02-23,1968-01-30,49
390,lfaddenat@hp.com,,,2017-06-09,1988-01-17,29
391,oterbruggeau@histats.com,,,2017-06-30,1974-06-19,43
392,mbiesterfeldav@360.cn,,,2017-01-05,1988-10-18,29
393,cderlaw@pagesperso-orange.fr,,,2017-02-17,1968-12-05,49
394,cfyrthax@ow.ly,,,2017-07-06,1976-05-28,41
395,mtaltonay@mozilla.org,,,2017-06-21,1972-07-04,45
396,mtsarovicaz@edublogs.org,,,2017-01-15,1977-03-20,40
397,fcleverlyb0@webmd.com,,,2017-01-29,1985-07-14,32
398,fyourellb1@time.com,,,2017-07-03,1972-04-19,45
399,bdomelowb2@biglobe.ne.jp,,,2017-04-18,1988-02-22,29
400,avinab3@jimdo.com,,,2017-08-20,1969-03-27,48
401,cofferb4@bravesites.com,,,2017-11-24,1971-05-25,46
402,mparnallb5@cmu.edu,BBB-2,,2017-03-01,1972-05-30,45
403,balphonsob6@shop-pro.jp,,,2017-08-25,1962-03-28,55
404,teamerb7@cbslocal.com,BBB-1,bears,2017-01-18,1986-01-16,31
405,vwakelinb8@ox.ac.uk,,,2017-02-19,1975-06-23,42
406,rmccluinb9@shop-pro.jp,,,2017-07-10,1969-11-29,48
407,npignyba@upenn.edu,,,2017-11-29,1982-02-07,35
408,jitzhakbb@buzzfeed.com,,,2017-01-04,1980-01-29,37
409,emaudittbc@cocolog-nifty.com,,,2017-04-10,1989-09-26,28
410,mcowpertwaitbd@ucsd.edu,,,2017-07-11,1965-01-11,52
411,rbedminsterbe@taobao.com,AAA-2,,2017-11-02,1961-07-06,56
412,ecodnerbf@github.io,,,2017-08-10,1975-03-15,42
413,abullersbg@wikia.com,,bears,2017-02-24,1985-06-25,32
414,toggerbh@typepad.com,,,2017-05-13,1964-04-28,53
415,cgodneybi@rediff.com,,,2017-07-01,1969-07-27,48
416,blahivebj@dyndns.org,,,2017-01-30,1979-05-24,38
417,bmaccrossonbk@elegantthemes.com,,,2017-07-30,1989-06-11,28
418,tbuffbl@jimdo.com,,,2017-05-23,1966-11-28,51
419,rjosovichbm@mashable.com,,tigers,2017-07-16,1970-01-12,47
420,vvearncombebn@google.ru,,lions,2017-07-27,1975-03-27,42
421,dgrewerbo@cisco.com,,,2017-06-08,1984-10-13,33
422,croftbp@i2i.jp,,,2017-01-03,1962-06-19,55
423,ccorreabq@epa.gov,BBB-2,,2017-11-10,1962-12-19,55
424,rekellbr@geocities.jp,,,2017-03-03,1974-09-02,43
425,lhellcatbs@deliciousdays.com,,,2017-11-26,1988-07-04,29
426,mbuschbt@imageshack.us,,,2017-10-03,1986-06-12,31
427,valbertibu@eventbrite.com,,bears,2017-11-05,1966-06-25,51
428,ckeyzmanbv@google.fr,,,2017-09-18,1968-08-12,49
429,jpesakbw@dailymotion.com,,,2017-12-16,1966-04-11,51
430,kspincksbx@slideshare.net,AAA-1,,2017-11-19,1984-05-23,33
431,emilkinby@shareasale.com,,,2017-05-02,1968-08-26,49
432,fcattonnetbz@guardian.co.uk,,,2017-05-08,1964-01-06,53
433,mcockrillc0@hao123.com,,,2017-06-02,1967-04-20,50
434,smowlingc1@hubpages.com,,,2017-01-03,1979-08-25,38
435,mcarlillc2@ezinearticles.com,,,2017-01-11,1966-06-17,51
436,tyeendc3@gravatar.com,,,2017-09-09,1987-08-21,30
437,nallmondc4@accuweather.com,,,2017-06-27,1986-01-04,31
438,gdudeniec5@wikispaces.com,,,2017-03-21,1962-01-06,55
439,ffrymanc6@typepad.com,,,2017-08-27,1985-04-02,32
440,lbrandic7@last.fm,,,2017-01-05,1986-05-15,31
441,afulunc8@4shared.com,,,2017-06-12,1987-02-23,30
442,ybattlec9@rambler.ru,,tigers,2017-11-05,1975-01-04,42
443,alackhamca@amazon.co.jp,,,2017-05-02,1966-09-20,51
444,tmarshcb@rambler.ru,,,2017-12-16,1965-04-22,52
445,vdecopemancc@upenn.edu,,,2017-06-23,1986-09-16,31
446,cpickthornecd@noaa.gov,,,2017-12-12,1961-06-10,56
447,jlamblece@joomla.org,,,2017-10-05,1976-03-27,41
448,efermingercf@reddit.com,,bears,2017-06-15,1984-05-31,33
449,lbeebecg@cnn.com,,,2017-04-26,1961-07-11,56
450,weuelsch@apple.com,,,2017-03-23,1973-07-26,44
451,mlabusquiereci@youtu.be,,,2017-09-24,1974-09-07,43
452,lclementelcj@intel.com,AAA-1,,2017-09-17,1988-12-10,29
453,idiblingck@eventbrite.com,,lions,2017-02-01,1970-07-13,47
454,fstappardcl@ow.ly,,,2017-12-30,1961-08-14,56
455,hpherpscm@ucsd.edu,,bears,2017-03-19,1967-04-27,50
456,csnaselcn@columbia.edu,,bears,2017-03-29,1970-05-28,47
457,kzanicchellico@g.co,,bears,2017-07-26,1973-05-11,44
458,swarlawcp@home.pl,,,2017-04-27,1970-08-21,47
459,bmccandlesscq@parallels.com,,,2017-06-10,1967-04-21,50
460,qvistecr@yelp.com,,,2017-05-23,1964-02-16,53
461,gwaskettcs@csmonitor.com,,,2017-10-06,1966-10-26,51
462,awilfingct@webmd.com,,,2017-06-03,1976-12-28,41
463,aclaysoncu@mlb.com,,,2017-07-20,1973-10-27,44
464,khackforthcv@vkontakte.ru,,,2017-09-02,1976-07-25,41
465,bcarhartcw@nature.com,,,2017-07-12,1966-02-18,51
466,jnizetcx@ucsd.edu,BBB-2,,2017-12-13,1983-05-05,34
467,lletessiercy@slideshare.net,,,2017-10-23,1979-10-29,38
468,rgrahamcz@salon.com,,bears,2017-05-28,1989-11-11,28
469,zyearnsleyd0@howstuffworks.com,,lions,2017-12-05,1979-01-04,38
470,pwhymand1@mayoclinic.com,,,2017-09-10,1978-01-17,39
471,gandrid2@hud.gov,,tigers,2017-06-25,1979-01-18,38
472,rwottond3@time.com,,,2017-07-06,1977-06-22,40
473,atottond4@histats.com,,,2017-12-27,1979-03-15,38
474,jrobbertd5@imdb.com,,,2017-01-18,1975-12-17,42
475,swalbyd6@aboutads.info,,,2017-01-29,1985-11-03,32
476,lwaistelld7@google.com,,,2017-10-30,1982-12-02,35
477,bvalad8@flavors.me,,,2017-10-20,1975-06-12,42
478,lambrodid9@tiny.cc,,,2017-09-10,1979-04-03,38
479,gduiguidda@ustream.tv,,,2017-07-04,1960-06-20,57
480,bmcdougalddb@skype.com,BBB-2,,2017-03-14,1963-08-19,54
481,sbuckleedc@hhs.gov,,bears,2017-07-25,1986-05-04,31
482,mdobesondd@tinyurl.com,,bears,2017-08-19,1974-02-08,43
483,breeksde@linkedin.com,,,2017-02-19,1972-07-14,45
484,sbreagandf@ihg.com,,,2017-12-08,1989-06-11,28
485,mgoodaledg@washington.edu,,bears,2017-09-07,1964-12-03,53
486,cmitchelydh@ebay.co.uk,,,2017-10-02,1989-07-09,28
487,abruynsdi@istockphoto.com,,,2017-01-02,1975-07-26,42
488,ckauffmandj@w3.org,BBB-1,bears,2017-05-28,1980-04-18,37
489,laffusodk@jugem.jp,BBB-1,bears,2017-06-14,1973-11-21,44
490,rwaynedl@discuz.net,AAA-1,,2017-10-25,1974-07-31,43
491,dnelligandm@sogou.com,,,2017-03-20,1982-04-18,35
492,blundbechdn@qq.com,,,2017-02-04,1988-01-23,29
493,comaileydo@digg.com,,,2017-04-30,1974-10-27,43
494,mconleydp@skype.com,,bears,2017-02-26,1974-10-08,43
495,tleprovostdq@paypal.com,,bears,2017-05-25,1987-01-07,30
496,bservantedr@bloglovin.com,,,2017-07-07,1968-11-12,49
497,fcraddockds@globo.com,,,2017-10-27,1970-02-11,47
498,lloftsdt@cam.ac.uk,,,2017-05-18,1964-02-29,53
499,bdittydu@hud.gov,,bears,2017-06-28,1983-05-04,34
500,bvicarydv@weather.com,,,2017-06-19,1962-11-10,55
501,clummasanadw@i2i.jp,,tigers,2017-02-20,1971-08-28,46
502,cbanisterdx@businesswire.com,,,2017-08-12,1970-01-20,47
503,cyarmouthdy@yahoo.co.jp,,,2017-11-04,1985-10-31,32
504,hortodz@twitter.com,,,2017-06-06,1969-05-19,48
505,jjahnige0@surveymonkey.com,,,2017-11-06,1980-06-27,37
506,dcruddase1@themeforest.net,,,2017-04-27,1970-05-12,47
507,apietrasike2@hud.gov,,tigers,2017-08-15,1961-07-18,56
508,edarrelle3@theguardian.com,,,2017-11-03,1989-09-27,28
509,ychaime4@ning.com,,,2017-12-30,1973-12-03,44
510,hromere5@naver.com,,tigers,2017-10-09,1966-10-18,51
511,fkeizmane6@biglobe.ne.jp,,bears,2017-11-02,1966-04-03,51
512,tosgerbye7@gizmodo.com,,bears,2017-10-07,1989-03-13,28
513,kmacklame8@privacy.gov.au,,,2017-03-08,1963-01-02,54
514,aproberte9@ft.com,,,2017-05-18,1984-11-26,33
515,srodriguesea@earthlink.net,,,2017-06-19,1974-09-19,43
516,gmollineb@dailymail.co.uk,,,2017-04-12,1963-08-23,54
517,rdawidowitzec@gravatar.com,,,2017-08-10,1987-10-15,30
518,fstorered@plala.or.jp,,,2017-06-25,1974-03-27,43
519,cbrumhamee@nifty.com,,,2017-03-24,1963-06-02,54
520,mwelfordef@clickbank.net,AAA-1,,2017-12-14,1985-05-29,32
521,bspencookeg@youku.com,BBB-2,bears,2017-07-20,1987-07-17,30
522,rmichelieh@princeton.edu,,bears,2017-03-07,1977-03-15,40
523,dlinesei@tmall.com,,,2017-05-14,1976-07-24,41
524,lblenkinsopej@google.pl,,,2017-03-18,1981-04-24,36
525,cfritterek@mashable.com,,,2017-12-22,1984-06-28,33
526,gmorelandel@who.int,,,2017-03-08,1977-03-22,40
527,tcappsem@printfriendly.com,,,2017-08-01,1985-07-29,32
528,jclohissyen@wunderground.com,,,2017-08-17,1968-01-30,49
529,chutchinsoneo@ucsd.edu,,,2017-06-02,1967-03-24,50
530,aritsonep@statcounter.com,,,2017-12-07,1964-11-13,53
531,jcowpereq@xrea.com,,,2017-05-31,1970-06-21,47
532,edennisser@gizmodo.com,,,2017-02-24,1987-03-30,30
533,eidalees@ebay.co.uk,,lions,2017-06-19,1985-01-15,32
534,ltheusset@dailymotion.com,,,2017-12-14,1976-10-10,41
535,tferrarinieu@wiley.com,BBB-2,,2017-06-10,1962-08-01,55
536,cchennellsev@facebook.com,,,2017-12-07,1967-05-06,50
537,atoolanew@amazon.co.uk,,,2017-09-24,1963-11-28,54
538,rharberex@w3.org,,,2017-08-11,1967-12-28,50
539,achoffiney@cnet.com,,,2017-03-24,1968-08-13,49
540,dreffordez@diigo.com,,bears,2017-12-20,1983-04-01,34
541,ocobsonf0@weebly.com,,,2017-05-25,1985-03-08,32
542,mpeterif1@toplist.cz,,,2017-06-18,1976-12-01,41
543,jjoriotf2@feedburner.com,,,2017-08-31,1982-12-14,35
544,esanziof3@google.cn,,,2017-03-09,1966-02-12,51
545,fgiraldof4@aboutads.info,,,2017-12-30,1960-06-24,57
546,acharityf5@topsy.com,,,2017-12-03,1963-03-16,54
547,trowberryf6@delicious.com,BBB-2,,2017-01-05,1966-09-16,51
548,jmillef7@shinystat.com,,,2017-06-17,1960-06-17,57
549,dmcglewf8@marriott.com,,,2017-08-10,1974-12-25,43
550,nizzardf9@themeforest.net,,lions,2017-08-18,1971-06-21,46
551,lgolsonfa@biglobe.ne.jp,,,2017-08-09,1978-02-07,39
552,chansedfb@abc.net.au,,,2017-08-08,1968-10-30,49
553,tbrandlefc@auda.org.au,,tigers,2017-03-06,1977-03-12,40
554,jespinheirafd@huffingtonpost.com,AAA-2,,2017-01-12,1984-11-24,33
555,mcookefe@oakley.com,,,2017-06-01,1978-09-27,39
556,lbrannff@trellian.com,,,2017-04-25,1961-05-21,56
557,ngrutfg@slashdot.org,BBB-1,,2017-06-02,1965-11-10,52
558,sjancafh@creativecommons.org,,bears,2017-09-02,1970-08-31,47
559,ldeldellofi@wufoo.com,,,2017-12-04,1969-10-04,48
560,adorganfj@cnet.com,,bears,2017-10-03,1985-01-22,32
561,hfarninfk@google.co.jp,,lions,2017-06-08,1988-07-27,29
562,ethyingfl@state.gov,,tigers,2017-11-28,1987-06-23,30
563,mlarrawayfm@theatlantic.com,,,2017-07-07,1987-02-04,30
564,hmccarrollfn@moonfruit.com,,tigers,2017-02-14,1979-02-01,38
565,knevittfo@hostgator.com,,,2017-12-20,1965-06-04,52
566,rferenczyfp@slashdot.org,,,2017-08-20,1980-06-12,37
567,eastlefq@google.com.au,,,2017-11-20,1983-12-28,34
568,ltalbyfr@list-manage.com,,,2017-04-18,1975-11-07,42
569,dlouedeyfs@examiner.com,,,2017-08-20,1966-08-28,51
570,gwickershamft@themeforest.net,AAA-1,lions,2017-09-07,1975-09-09,42
571,equigleyfu@engadget.com,,,2017-03-13,1985-01-21,32
572,efeastfv@wikispaces.com,,,2017-10-29,1983-04-26,34
573,hgriswoodfw@e-recht24.de,,,2017-12-12,1976-05-03,41
574,ewelmanfx@ezinearticles.com,,,2017-02-21,1978-11-05,39
575,drobezfy@home.pl,,,2017-08-19,1981-04-26,36
576,lvieyrafz@cdc.gov,,bears,2017-02-09,1985-05-17,32
577,bbartleg0@mapquest.com,AAA-2,,2017-03-17,1976-04-24,41
578,mmaccoveneyg1@blogs.com,,,2017-01-28,1969-08-06,48
579,sscibseyg2@geocities.com,,,2017-04-09,1977-02-20,40
580,gdommettg3@nytimes.com,,,2017-10-24,1985-07-27,32
581,asullandg4@4shared.com,,lions,2017-01-29,1984-12-13,33
582,ifaichnieg5@craigslist.org,,,2017-01-01,1974-12-05,43
583,dmackeagueg6@slashdot.org,,,2017-10-30,1960-08-21,57
584,abarlassg7@myspace.com,,,2017-08-26,1973-08-14,44
585,jlintotg8@soup.io,,,2017-12-12,1962-09-20,55
586,eselwyneg9@cornell.edu,,,2017-12-13,1977-07-26,40
587,bkivellega@tuttocitta.it,AAA-1,,2017-02-18,1989-09-30,28
588,zdeverauxgb@xinhuanet.com,,,2017-06-29,1987-08-30,30
589,amcgurngc@vk.com,,bears,2017-01-20,1960-07-31,57
590,tbiddlestonegd@netlog.com,BBB-2,,2017-02-28,1989-09-29,28
591,qhuyghege@taobao.com,BBB-1,,2017-04-25,1978-02-21,39
592,ehurdidgegf@intel.com,,bears,2017-06-07,1966-08-16,51
593,vcurtissgg@army.mil,,,2017-10-16,1966-02-26,51
594,aklaaassengh@weebly.com,,,2017-03-24,1980-05-08,37
595,mslixbygi@illinois.edu,AAA-1,,2017-02-18,1982-05-22,35
596,tmallinggj@globo.com,,,2017-10-25,1963-06-10,54
597,cstreatleygk@jigsy.com,,,2017-08-04,1971-12-01,46
598,awehnergl@smugmug.com,,lions,2017-09-19,1989-05-23,28
599,iwilldengm@dedecms.com,,,2017-08-12,1963-07-08,54
600,shafnergn@ftc.gov,,lions,2017-04-18,1969-08-21,48
601,hlamasnago@apple.com,,,2017-12-14,1982-09-03,35
602,varrighinigp@weather.com,,,2017-12-13,1964-03-22,53
603,bbrucknergq@merriam-webster.com,AAA-2,,2017-08-21,1978-10-20,39
604,rcourtmangr@sakura.ne.jp,,,2017-10-13,1974-08-26,43
605,awoolfgs@posterous.com,,,2017-05-11,1981-12-28,36
606,dcoultousgt@tuttocitta.it,,bears,2017-04-15,1981-07-17,36
607,cbanthamgu@umich.edu,,,2017-10-20,1970-01-25,47
608,lcasaligv@marriott.com,,,2017-04-23,1971-02-07,46
609,atutegw@jugem.jp,,,2017-05-15,1960-05-14,57
610,onornablegx@acquirethisname.com,,,2017-07-09,1970-02-17,47
611,lyouteadgy@yelp.com,,,2017-10-14,1976-07-04,41
612,nkembergz@rediff.com,,,2017-07-01,1962-03-26,55
613,wisabellh0@harvard.edu,,,2017-03-12,1961-05-20,56
614,mnevinsonh1@blog.com,,tigers,2017-08-12,1984-06-11,33
615,kfearnh2@google.com.au,,,2017-11-18,1967-01-04,50
616,lgeraldh3@drupal.org,,,2017-10-17,1962-01-12,55
617,jthridgouldh4@usa.gov,,bears,2017-08-19,1961-11-22,56
618,ccarruthersh5@blinklist.com,,,2017-07-26,1969-04-14,48
619,bbilfooth6@skyrock.com,,,2017-11-16,1962-03-20,55
620,rwaliszekh7@princeton.edu,,bears,2017-05-31,1984-07-22,33
621,gdawidh8@flickr.com,,,2017-09-17,1963-02-03,54
622,bstoterh9@vkontakte.ru,,,2017-12-04,1970-02-13,47
623,jsaffonha@tinypic.com,AAA-1,bears,2017-12-14,1975-08-12,42
624,mdelmagehb@ycombinator.com,,,2017-09-19,1968-09-16,49
625,rlachaizehc@wix.com,,,2017-11-12,1970-04-03,47
626,mkenthd@mapquest.com,,,2017-12-08,1972-10-26,45
627,gdenisethe@wiley.com,BBB-1,,2017-12-27,1966-10-11,51
628,lpetruskevichhf@rakuten.co.jp,,,2017-03-14,1976-06-27,41
629,adanbrookhg@ovh.net,,,2017-04-02,1973-09-30,44
630,babdiehh@clickbank.net,,,2017-05-17,1969-11-06,48
631,dmordacaihi@booking.com,,,2017-05-22,1972-07-01,45
632,irennenbachhj@npr.org,,,2017-09-26,1987-07-20,30
633,sorourkehk@ow.ly,BBB-2,bears,2017-10-22,1963-06-03,54
634,gsturchhl@barnesandnoble.com,,,2017-10-18,1989-08-20,28
635,ebeldumhm@latimes.com,,tigers,2017-09-16,1976-02-15,41
636,nmontforthn@dedecms.com,,,2017-08-10,1987-01-22,30
637,omcbratneyho@google.es,,,2017-12-29,1961-04-04,56
638,astillerthp@dropbox.com,,bears,2017-08-12,1979-06-30,38
639,sfarranthq@is.gd,,,2017-07-27,1962-09-11,55
640,jhalvorsenhr@webnode.com,,,2017-04-26,1974-07-26,43
641,gstandinghs@furl.net,,,2017-11-06,1975-07-26,42
642,kmichalht@4shared.com,,,2017-08-30,1967-01-12,50
643,sclimerhu@google.com.br,,,2017-10-28,1987-03-18,30
644,gwagstaffehv@tinypic.com,,,2017-03-02,1961-12-24,56
645,cbartshw@bloglovin.com,,,2017-08-05,1972-08-09,45
646,rmccrawhx@nature.com,,bears,2017-03-05,1972-10-18,45
647,awhitinghy@ovh.net,,,2017-04-21,1979-06-28,38
648,fdomenicohz@list-manage.com,,,2017-04-08,1960-12-14,57
649,nroslingi0@weebly.com,BBB-2,,2017-03-25,1967-08-31,50
650,gdownsi1@bloglines.com,,bears,2017-03-10,1985-08-23,32
651,aburndredi2@intel.com,,,2017-05-12,1989-05-10,28
652,smapplebecki3@imgur.com,,,2017-11-14,1982-04-19,35
653,csarai4@toplist.cz,BBB-1,,2017-05-16,1962-07-16,55
654,asauli5@artisteer.com,,,2017-12-04,1975-06-05,42
655,loldalei6@ox.ac.uk,,,2017-10-03,1987-03-30,30
656,mgrombridgei7@booking.com,,lions,2017-10-11,1965-09-09,52
657,slouwi8@oracle.com,,,2017-07-06,1975-03-11,42
658,kalasdairi9@wikia.com,,tigers,2017-04-20,1961-07-25,56
659,amundieia@discovery.com,,,2017-02-25,1963-04-17,54
660,cwildberib@cmu.edu,,,2017-07-20,1971-04-07,46
661,achurmic@phoca.cz,,,2017-07-03,1980-11-02,37
662,hromagosaid@alibaba.com,,tigers,2017-07-11,1982-10-29,35
663,sfairbourneie@google.com,,,2017-11-10,1969-03-14,48
664,esadgroveif@jigsy.com,,,2017-10-27,1966-12-06,51
665,stallynig@netscape.com,,bears,2017-02-25,1978-06-03,39
666,nshergoldih@time.com,,,2017-01-27,1988-08-11,29
667,ymaaszii@mlb.com,,,2017-07-16,1979-08-31,38
668,sbrodeauij@moonfruit.com,,,2017-09-15,1966-06-20,51
669,gjachtymik@ucoz.com,,,2017-05-06,1980-11-23,37
670,wyaneleil@tmall.com,,,2017-02-08,1986-02-08,31
671,cwetheredim@usda.gov,,,2017-10-18,1973-12-02,44
672,tsockellin@umn.edu,,,2017-01-20,1988-04-11,29
673,rpeekevoutio@craigslist.org,,,2017-09-08,1964-07-24,53
674,vcoonihanip@symantec.com,,,2017-02-28,1984-04-05,33
675,feagleniq@com.com,,,2017-10-22,1983-10-25,34
676,csergeantir@accuweather.com,,,2017-05-21,1977-07-04,40
677,llochis@nature.com,,,2017-10-15,1970-06-09,47
678,shedlingit@cafepress.com,,,2017-02-27,1971-03-08,46
679,eloftieiu@nifty.com,,,2017-04-04,1983-03-23,34
680,kleattiv@howstuffworks.com,,,2017-07-25,1965-02-27,52
681,awoodnuttiw@naver.com,,,2017-10-10,1968-11-07,49
682,cbraybrooksix@feedburner.com,BBB-1,bears,2017-12-18,1960-12-23,57
683,cmaddysoniy@vinaora.com,,,2017-08-22,1961-07-01,56
684,acrosstoniz@marriott.com,,,2017-04-19,1985-10-17,32
685,lgoginj0@vistaprint.com,BBB-1,,2017-05-15,1975-03-26,42
686,ztolchardej1@sohu.com,,bears,2017-05-06,1980-05-06,37
687,bpauerj2@wunderground.com,,lions,2017-04-26,1962-04-03,55
688,tmaxworthyj3@twitpic.com,,,2017-05-24,1984-02-21,33
689,ldennittsj4@smh.com.au,,bears,2017-12-03,1968-04-17,49
690,tbykj5@w3.org,,,2017-03-24,1967-12-19,50
691,hgitshamj6@businessinsider.com,,,2017-06-29,1972-02-07,45
692,nbondej7@163.com,,,2017-01-25,1988-01-19,29
693,cgirckej8@wikia.com,,,2017-08-20,1979-03-21,38
694,fhadleej9@google.co.jp,,,2017-04-18,1966-01-31,51
695,hbrowseja@ocn.ne.jp,,,2017-06-11,1971-05-17,46
696,vlaredjb@tiny.cc,,,2017-12-26,1967-03-25,50
697,fcrimpjc@umich.edu,,,2017-02-24,1970-04-15,47
698,jcoathupjd@house.gov,,,2017-03-24,1976-08-13,41
699,shumburtonje@ed.gov,,,2017-01-01,1985-06-04,32
700,wmanjinjf@issuu.com,,bears,2017-11-02,1964-06-24,53
701,ebrabbinsjg@newsvine.com,,,2017-02-18,1975-06-05,42
702,kcootesjh@mozilla.org,,,2017-09-06,1973-12-27,44
703,arokeji@marketwatch.com,,,2017-02-12,1985-07-31,32
704,mkubacekjj@dell.com,,,2017-02-11,1973-05-17,44
705,phuffajk@fc2.com,,bears,2017-06-18,1964-03-15,53
706,ksywelljl@sina.com.cn,,lions,2017-06-26,1963-03-05,54
707,ctalesjm@geocities.jp,,,2017-06-13,1965-11-19,52
708,bgrininjn@globo.com,BBB-2,,2017-10-21,1960-01-30,57
709,dgobournjo@businesswire.com,,tigers,2017-12-08,1986-01-07,31
710,upippingjp@home.pl,,,2017-10-22,1967-07-02,50
711,nmckennyjq@usgs.gov,,,2017-09-03,1986-01-15,31
712,trebeirojr@time.com,BBB-1,,2017-06-01,1981-08-04,36
713,kpeirpointjs@unblog.fr,,,2017-02-08,1987-01-31,30
714,dreubbensjt@whitehouse.gov,,lions,2017-12-10,1974-04-03,43
715,estaddomju@vimeo.com,,,2017-05-13,1981-04-01,36
716,lritmeierjv@marketwatch.com,,,2017-11-10,1962-10-19,55
717,hlangfittjw@php.net,,,2017-04-19,1963-09-01,54
718,hwoodworthjx@accuweather.com,,,2017-05-09,1974-05-31,43
719,cstotejy@hc360.com,,bears,2017-11-04,1984-04-25,33
720,kpedwelljz@walmart.com,,,2017-03-28,1964-07-06,53
721,smencok0@senate.gov,,,2017-03-21,1976-01-01,41
722,kkettk1@delicious.com,,,2017-10-08,1974-01-24,43
723,cmordantik2@independent.co.uk,,,2017-10-11,1988-10-22,29
724,rromneyk3@squarespace.com,,,2017-08-17,1962-12-27,55
725,ccobbyk4@flickr.com,,,2017-07-13,1985-12-28,32
726,khumblestonek5@uiuc.edu,,,2017-02-20,1964-10-26,53
727,pkarlowiczk6@wunderground.com,,,2017-07-10,1988-01-01,29
728,jduttonk7@gmpg.org,,,2017-11-20,1986-02-05,31
729,fstallenk8@cnbc.com,,,2017-08-13,1975-02-24,42
730,kcowinsk9@va.gov,,,2017-03-05,1970-10-10,47
731,rpickfordka@cnbc.com,,bears,2017-02-28,1967-04-01,50
732,bantcliffekb@howstuffworks.com,,,2017-08-09,1963-06-06,54
733,esextonkc@4shared.com,,,2017-06-05,1972-06-05,45
734,asappykd@google.it,,,2017-12-26,1975-11-18,42
735,aedgerlyke@parallels.com,,,2017-02-04,1986-12-12,31
736,imolenkf@oracle.com,,,2017-09-29,1968-05-06,49
737,kchallicombekg@myspace.com,,,2017-10-23,1983-02-16,34
738,edonnekh@people.com.cn,,,2017-10-28,1962-09-16,55
739,ainnwoodki@arizona.edu,,,2017-03-05,1963-08-12,54
740,bcarlyonkj@fda.gov,,,2017-11-15,1967-11-06,50
741,loxbykk@printfriendly.com,AAA-1,,2017-11-22,1976-03-09,41
742,rouldcottkl@jugem.jp,,,2017-01-07,1968-12-11,49
743,gpilsworthkm@reference.com,,,2017-02-09,1978-07-04,39
744,shazeldeankn@wp.com,,,2017-02-27,1970-02-07,47
745,syearsleyko@cdbaby.com,,,2017-11-18,1972-06-03,45
746,splasterkp@bluehost.com,,,2017-04-09,1987-12-09,30
747,csimmankkq@washingtonpost.com,,,2017-12-13,1982-07-07,35
748,dteekkr@slideshare.net,AAA-1,,2017-12-30,1986-11-11,31
749,kfineyks@pinterest.com,,,2017-04-14,1975-10-31,42
750,rsharrattkt@si.edu,BBB-1,lions,2017-11-21,1965-05-28,52
751,ilindenbergku@weather.com,,,2017-11-03,1974-12-24,43
752,avieyrakv@jigsy.com,,,2017-09-14,1971-10-22,46
753,hcashmankw@dailymail.co.uk,,,2017-01-25,1988-03-24,29
754,tkauffmankx@harvard.edu,,,2017-07-29,1972-12-30,45
755,kcrudgingtonky@blogs.com,,,2017-06-25,1988-11-26,29
756,magronskikz@admin.ch,,,2017-07-22,1983-06-02,34
757,fsisselotl0@cloudflare.com,,,2017-06-28,1975-02-08,42
758,kbauldreyl1@theglobeandmail.com,,,2017-06-21,1987-08-31,30
759,dnickolesl2@printfriendly.com,,tigers,2017-09-20,1963-03-06,54
760,cnavanl3@noaa.gov,,lions,2017-10-31,1962-06-14,55
761,jfoxcroftl4@thetimes.co.uk,,lions,2017-03-13,1974-11-30,43
762,jbernettel5@yandex.ru,,,2017-12-28,1964-10-29,53
763,gvezeyl6@sitemeter.com,,,2017-01-04,1989-12-17,28
764,sviscol7@ow.ly,,,2017-11-26,1968-03-04,49
765,dcholertonl8@admin.ch,,bears,2017-12-07,1964-12-11,53
766,tdevenishl9@marketwatch.com,,,2017-10-17,1985-12-27,32
767,wscrannagela@jalbum.net,,,2017-10-07,1972-04-13,45
768,lalfordlb@istockphoto.com,,,2017-06-13,1982-09-27,35
769,hhinkensenlc@google.com.br,,lions,2017-11-28,1978-06-30,39
770,cpridgeonld@time.com,,,2017-03-02,1978-11-13,39
771,chefferonle@seesaa.net,,,2017-10-26,1968-10-23,49
772,hblythelf@hubpages.com,,bears,2017-06-20,1989-01-03,28
773,rmerrymanlg@sciencedirect.com,,,2017-10-26,1960-05-29,57
774,atunesilh@tripadvisor.com,,,2017-11-25,1960-05-16,57
775,afoanli@1688.com,,,2017-01-29,1982-01-27,35
776,alinzeylj@slideshare.net,,,2017-09-17,1960-06-05,57
777,easiflk@ning.com,,tigers,2017-09-11,1963-12-02,54
778,fbernholtll@goo.gl,,,2017-07-28,1978-01-07,39
779,isoppettlm@walmart.com,,,2017-11-06,1971-07-13,46
780,delbourneln@jugem.jp,,,2017-06-18,1975-03-30,42
781,ponionlo@spiegel.de,,,2017-12-11,1973-06-21,44
782,sbrasteadlp@creativecommons.org,,,2017-12-08,1979-11-09,38
783,adwightlq@artisteer.com,,,2017-09-23,1979-09-28,38
784,cbeckwithlr@weebly.com,,,2017-01-18,1987-01-03,30
785,akindallls@artisteer.com,,tigers,2017-04-27,1961-02-07,56
786,tcuxsonlt@rediff.com,,,2017-05-16,1978-04-21,39
787,wbatesonlu@cnet.com,,,2017-01-24,1986-09-23,31
788,lfarriarlv@microsoft.com,,,2017-02-06,1968-11-22,49
789,emarsaylw@google.it,,,2017-02-12,1973-08-07,44
790,jsacchettilx@cnn.com,,,2017-01-15,1983-01-21,34
791,hfoortly@buzzfeed.com,,,2017-11-01,1988-02-17,29
792,rmatthewslz@diigo.com,,,2017-11-23,1981-08-20,36
793,gfurnivalm0@boston.com,,,2017-03-11,1969-04-21,48
794,jbesantiem1@mtv.com,,,2017-04-27,1960-01-14,57
795,krandellm2@sitemeter.com,,,2017-08-31,1964-12-28,53
796,deliffm3@taobao.com,,,2017-08-16,1981-01-31,36
797,bbuggym4@buzzfeed.com,,,2017-04-22,1963-04-01,54
798,cbiasim5@hexun.com,,bears,2017-10-11,1973-09-27,44
799,rlintallm6@unicef.org,,,2017-12-12,1974-06-29,43
800,hslynem7@cdc.gov,,bears,2017-01-29,1986-09-27,31
801,afitzackerleym8@posterous.com,,,2017-11-14,1969-12-07,48
802,wnethercliftm9@cargocollective.com,AAA-1,lions,2017-09-16,1966-04-23,51
803,udimondma@theglobeandmail.com,,,2017-02-16,1962-05-17,55
804,bdraiseymb@shinystat.com,,,2017-09-01,1964-01-12,53
805,cclerkmc@dailymail.co.uk,,,2017-11-07,1983-10-13,34
806,hmaccoughanmd@businessinsider.com,,,2017-04-20,1974-05-02,43
807,premingtonme@blog.com,,,2017-03-07,1986-07-31,31
808,wseamenmf@hugedomains.com,BBB-1,,2017-06-24,1986-08-27,31
809,hoharneymg@npr.org,,bears,2017-12-19,1972-06-16,45
810,jbaintonmh@yolasite.com,,bears,2017-07-29,1980-03-12,37
811,vrawstornmi@tripod.com,,,2017-07-21,1988-11-28,29
812,fcullinanmj@home.pl,BBB-2,bears,2017-08-14,1964-09-07,53
813,mavesmk@biblegateway.com,,,2017-01-06,1978-03-26,39
814,sanscottml@cyberchimps.com,BBB-2,,2017-08-28,1974-09-05,43
815,ftwiggemm@slashdot.org,,,2017-12-02,1987-11-17,30
816,omackowlemn@dyndns.org,BBB-2,bears,2017-08-14,1985-04-28,32
817,ibuttenmo@unblog.fr,,,2017-05-08,1966-08-21,51
818,cenefermp@columbia.edu,,,2017-06-04,1962-12-09,55
819,hdodameadmq@ameblo.jp,,,2017-07-30,1972-03-12,45
820,rchidgeymr@weather.com,,,2017-10-08,1976-04-08,41
821,bdeangelisms@imageshack.us,,,2017-06-07,1984-05-31,33
822,gcavillamt@macromedia.com,,,2017-11-03,1982-09-02,35
823,vricciardimu@liveinternet.ru,,,2017-05-01,1987-10-23,30
824,vshipperbottommv@adobe.com,,,2017-06-16,1965-03-30,52
825,lgershommw@unesco.org,,,2017-09-14,1983-03-18,34
826,mbywatermx@slashdot.org,,,2017-06-23,1986-06-17,31
827,bdeloozemy@arstechnica.com,,,2017-04-24,1979-07-21,38
828,edouthwaitemz@cdbaby.com,,,2017-01-02,1970-05-20,47
829,aivankinn0@bbc.co.uk,,,2017-07-14,1965-05-06,52
830,abradbrookn1@sogou.com,,tigers,2017-04-01,1986-05-12,31
831,rkaesmakersn2@so-net.ne.jp,,,2017-10-15,1972-10-04,45
832,jgaskalln3@devhub.com,,,2017-02-16,1971-03-28,46
833,otoplinn4@mit.edu,,,2017-06-20,1973-01-03,44
834,ctriponn5@free.fr,,,2017-07-04,1963-07-28,54
835,grounsefulln6@google.de,,bears,2017-10-24,1986-06-06,31
836,shollyarn7@psu.edu,,,2017-07-24,1974-01-10,43
837,aknaggsn8@engadget.com,,,2017-02-20,1974-11-14,43
838,wshaven9@posterous.com,,,2017-07-04,1961-11-10,56
839,jlumberna@photobucket.com,,,2017-06-03,1973-02-06,44
840,massantenb@wikia.com,,,2017-10-18,1961-04-02,56
841,onairync@yale.edu,,,2017-02-02,1974-10-15,43
842,icristofornd@wufoo.com,,,2017-03-24,1984-01-20,33
843,ebosankone@nbcnews.com,,,2017-10-09,1977-06-02,40
844,mdickinsnf@nhs.uk,,,2017-08-10,1975-11-17,42
845,khamsonng@marketwatch.com,,,2017-01-19,1985-04-27,32
846,kleedsnh@nsw.gov.au,,,2017-04-09,1972-10-20,45
847,seggertonni@imgur.com,,,2017-05-08,1974-12-02,43
848,denriquesnj@arstechnica.com,,,2017-05-05,1967-04-30,50
849,aingerfieldnk@dell.com,,,2017-11-05,1969-08-22,48
850,dkeyhoenl@uiuc.edu,,,2017-07-10,1972-04-18,45
851,prosingdallnm@toplist.cz,,bears,2017-08-26,1974-03-31,43
852,cbowersnn@npr.org,,,2017-11-04,1967-09-20,50
853,smumbeyno@jugem.jp,,,2017-07-12,1986-12-05,31
854,olungnp@trellian.com,,bears,2017-05-16,1985-01-03,32
855,wraysonnq@mapy.cz,AAA-1,,2017-02-07,1975-06-20,42
856,lweymannr@etsy.com,BBB-1,,2017-03-27,1986-06-06,31
857,afalloonns@loc.gov,,bears,2017-07-21,1985-05-07,32
858,jdrengnt@globo.com,,,2017-08-25,1960-10-02,57
859,bsinyardnu@cargocollective.com,,,2017-08-24,1983-01-07,34
860,jlicasnv@japanpost.jp,,,2017-08-13,1983-05-06,34
861,lantonaccinw@edublogs.org,,bears,2017-07-09,1976-09-13,41
862,tmcinilitynx@joomla.org,,bears,2017-04-08,1972-02-13,45
863,ewrenchny@scribd.com,,,2017-06-18,1963-03-25,54
864,stomasellonz@is.gd,,,2017-10-28,1966-12-11,51
865,dmatuszinskio0@behance.net,,,2017-06-01,1986-06-03,31
866,pvauneo1@parallels.com,,,2017-05-15,1969-07-21,48
867,alarneo2@salon.com,,,2017-01-10,1985-12-22,32
868,lcoshamo3@harvard.edu,,bears,2017-03-06,1970-11-06,47
869,sdonio4@google.nl,,,2017-02-05,1975-08-15,42
870,rishamo5@harvard.edu,,bears,2017-12-29,1981-03-13,36
871,elyenyngo6@deviantart.com,,tigers,2017-04-15,1969-09-11,48
872,fgeertjeo7@about.me,,,2017-12-22,1964-03-04,53
873,jcriago8@freewebs.com,,,2017-07-04,1980-04-20,37
874,npaolinio9@ucsd.edu,,,2017-12-31,1989-09-06,28
875,rminellioa@g.co,,,2017-09-07,1975-12-15,42
876,rbletsoob@squidoo.com,,bears,2017-07-15,1981-05-08,36
877,omansouroc@tmall.com,,,2017-05-15,1968-05-21,49
878,hsharrockod@moonfruit.com,,,2017-10-30,1969-11-13,48
879,rstallenoe@si.edu,,bears,2017-07-08,1980-08-16,37
880,cmacterlaghof@free.fr,,,2017-05-15,1960-04-16,57
881,cbartalinog@engadget.com,,,2017-09-12,1968-01-29,49
882,kwandsoh@issuu.com,,,2017-09-20,1964-05-07,53
883,arennisonoi@simplemachines.org,,,2017-10-21,1987-01-07,30
884,lgillhespyoj@seattletimes.com,,,2017-04-20,1978-06-01,39
885,fhamberok@studiopress.com,,bears,2017-03-18,1966-11-03,51
886,mdavidowichol@amazonaws.com,,,2017-12-03,1981-05-04,36
887,fsharpeom@unicef.org,,,2017-05-03,1970-04-21,47
888,dmattusevichon@hao123.com,,,2017-04-02,1966-06-25,51
889,amcnaeoo@ask.com,,,2017-06-28,1980-07-21,37
890,slerwayop@hubpages.com,,,2017-10-11,1966-04-26,51
891,gduceoq@istockphoto.com,,tigers,2017-04-15,1989-06-12,28
892,jcastelor@de.vu,,,2017-07-13,1987-08-25,30
893,brawlinsonos@pcworld.com,,lions,2017-08-04,1975-05-26,42
894,pboyfordot@wisc.edu,,,2017-07-05,1972-08-04,45
895,cgoaneou@msn.com,,,2017-05-29,1970-02-23,47
896,cbywayov@webmd.com,,,2017-08-20,1974-12-25,43
897,hjunkinsonow@bing.com,,,2017-08-27,1964-04-09,53
898,bboshardox@tinyurl.com,,,2017-04-20,1962-11-25,55
899,gbentickoy@goodreads.com,,,2017-06-17,1978-06-27,39
900,acardalloz@census.gov,,,2017-05-26,1988-02-19,29
901,clestrangep0@constantcontact.com,,,2017-01-12,1981-06-24,36
902,lcornfordp1@pagesperso-orange.fr,,,2017-03-12,1987-04-03,30
903,sclemmensenp2@ibm.com,,,2017-10-01,1985-07-05,32
904,jdellatorrep3@yellowbook.com,,,2017-11-13,1983-12-31,34
905,ktomeop4@baidu.com,,,2017-07-14,1971-11-19,46
906,bdelacroixp5@bluehost.com,,,2017-11-16,1962-06-13,55
907,ghavep6@php.net,,,2017-11-10,1980-04-24,37
908,nbroekp7@feedburner.com,,,2017-04-28,1961-10-26,56
909,witshakp8@ovh.net,,lions,2017-11-06,1985-06-02,32
910,acourtenayp9@dropbox.com,,,2017-04-12,1968-11-13,49
911,bcreaserpa@creativecommons.org,,,2017-04-27,1989-04-25,28
912,cellerpb@typepad.com,BBB-2,bears,2017-09-12,1983-07-12,34
913,ayoxallpc@domainmarket.com,,,2017-09-18,1973-03-27,44
914,rcolnettpd@marriott.com,,,2017-06-01,1974-11-20,43
915,sbrodbinpe@intel.com,,,2017-11-30,1961-03-29,56
916,ynorleypf@ed.gov,,,2017-12-11,1975-12-04,42
917,bownsworthpg@wikispaces.com,AAA-2,,2017-05-07,1970-04-19,47
918,ihallorph@ow.ly,,,2017-12-07,1974-10-01,43
919,ebanghampi@seesaa.net,,,2017-03-24,1982-07-15,35
920,sscramagepj@digg.com,,,2017-07-13,1985-05-28,32
921,cbarkesspk@columbia.edu,,,2017-03-29,1988-05-08,29
922,eramptonpl@sciencedaily.com,,,2017-07-17,1980-07-29,37
923,nwindaybankpm@indiegogo.com,,lions,2017-11-10,1972-05-13,45
924,dkirrenspn@cbsnews.com,,,2017-02-08,1985-09-25,32
925,vjouannissonpo@bravesites.com,,,2017-10-09,1986-02-03,31
926,pwilkinspp@prnewswire.com,,,2017-10-14,1968-09-10,49
927,pdibnerpq@over-blog.com,,,2017-12-14,1986-02-04,31
928,ckeighlypr@edublogs.org,,,2017-12-27,1969-05-17,48
929,rinchanps@bluehost.com,BBB-2,,2017-01-01,1972-10-18,45
930,mcordaroypt@tripadvisor.com,BBB-2,,2017-02-06,1962-02-28,55
931,ghesserpu@diigo.com,,,2017-11-27,1967-07-31,50
932,oschoenleiterpv@washington.edu,,,2017-03-05,1962-03-18,55
933,msparshuttpw@moonfruit.com,,lions,2017-08-24,1973-01-16,44
934,ndebowpx@mapquest.com,BBB-2,bears,2017-06-11,1969-09-01,48
935,bnareypy@booking.com,,,2017-09-08,1965-07-13,52
936,agoblepz@t.co,,,2017-05-28,1966-01-08,51
937,ctantonq0@cbslocal.com,,,2017-01-12,1974-05-25,43
938,ccarsq1@va.gov,,,2017-12-13,1975-02-10,42
939,sarrigoq2@uiuc.edu,,,2017-10-08,1976-01-24,41
940,jaristideq3@nih.gov,,,2017-08-31,1988-04-19,29
941,ghillyattq4@sciencedaily.com,AAA-2,,2017-10-15,1982-08-29,35
942,mkingsworthq5@twitter.com,,,2017-02-23,1975-03-18,42
943,sharbarq6@xinhuanet.com,,,2017-07-11,1977-05-09,40
944,btwohigq7@epa.gov,,,2017-04-30,1986-04-10,31
945,mtouhigq8@china.com.cn,,,2017-06-30,1964-02-01,53
946,rteazq9@nba.com,,,2017-06-12,1965-02-20,52
947,ksabatiniqa@latimes.com,,,2017-08-26,1987-11-18,30
948,knorsisterqb@godaddy.com,,,2017-06-02,1966-05-15,51
949,gburgoinqc@sitemeter.com,,,2017-10-30,1972-08-11,45
950,dvanmerweqd@mapquest.com,BBB-2,,2017-10-21,1981-01-22,36
951,acarlonqe@163.com,,,2017-03-14,1969-05-15,48
952,dmougelqf@cafepress.com,,,2017-08-03,1976-11-25,41
953,sschirokqg@smugmug.com,,lions,2017-09-20,1987-08-14,30
954,alemarchantqh@unesco.org,BBB-2,,2017-03-17,1984-10-09,33
955,rbentjensqi@dedecms.com,BBB-2,,2017-11-04,1960-05-17,57
956,hmeldingqj@bloomberg.com,BBB-2,,2017-03-23,1971-04-30,46
957,bcosslettqk@deliciousdays.com,,,2017-04-16,1970-11-29,47
958,nwitherdonql@comsenz.com,,,2017-03-31,1970-08-01,47
959,gsizeyqm@pen.io,,,2017-09-26,1986-09-18,31
960,glaughtisseqn@usa.gov,,,2017-06-14,1974-07-04,43
961,sjusterqo@1und1.de,AAA-1,,2017-06-22,1961-08-22,56
962,msevilleqp@list-manage.com,,,2017-11-27,1967-11-04,50
963,ffrantzeniqq@ifeng.com,BBB-2,bears,2017-01-28,1989-01-17,28
964,ldybleqr@seattletimes.com,,,2017-06-21,1972-05-19,45
965,gnorledgeqs@rediff.com,,tigers,2017-10-29,1986-05-05,31
966,usappellqt@ezinearticles.com,,,2017-07-03,1982-12-19,35
967,nashlingqu@marketwatch.com,,,2017-05-24,1971-04-02,46
968,aoldmeadowqv@google.com.au,,,2017-08-31,1985-12-19,32
969,ablandamereqw@shutterfly.com,,,2017-05-15,1984-07-08,33
970,fpalerqx@xrea.com,,,2017-12-12,1988-11-29,29
971,madriaanqy@smh.com.au,BBB-2,bears,2017-07-12,1979-12-07,38
972,pblodgettsqz@fotki.com,,,2017-10-02,1961-09-22,56
973,cgirardonir0@eepurl.com,,,2017-02-25,1974-09-04,43
974,aferridayr1@nymag.com,,,2017-09-23,1967-07-15,50
975,eodeveyr2@soup.io,,,2017-11-29,1972-03-29,45
976,rgallemorer3@psu.edu,,,2017-05-02,1965-02-01,52
977,swebenr4@examiner.com,,,2017-05-08,1989-04-12,28
978,bdibnerr5@weibo.com,,,2017-09-15,1961-12-10,56
979,tskippingsr6@mashable.com,,,2017-06-15,1975-06-02,42
980,yfinnier7@1688.com,,,2017-04-23,1970-06-17,47
981,ceareyr8@ow.ly,,,2017-07-10,1986-10-07,31
982,mdepietrir9@dailymotion.com,,,2017-11-28,1984-11-07,33
983,lsouthanra@latimes.com,,,2017-02-25,1976-10-03,41
984,gjudsonrb@intel.com,,bears,2017-01-11,1984-04-19,33
985,vhutchesonrc@bbb.org,,,2017-01-25,1966-02-13,51
986,nduferrd@bloglovin.com,,,2017-04-05,1963-12-21,54
987,osandwickre@rambler.ru,,,2017-03-04,1974-12-07,43
988,wlinnemanrf@dell.com,,,2017-12-30,1961-10-31,56
989,ehirthrg@prlog.org,,,2017-06-03,1973-07-12,44
990,abendittrh@buzzfeed.com,,bears,2017-02-01,1964-07-04,53
991,upearmainri@sphinn.com,AAA-1,bears,2017-10-14,1968-04-07,49
992,emassierj@goo.ne.jp,BBB-2,bears,2017-06-02,1964-05-16,53
993,bmoehlerk@amazonaws.com,,bears,2017-06-17,1981-01-22,36
994,mhassenrl@discovery.com,,,2017-03-31,1989-06-22,28
995,acatanheirarm@gmpg.org,,,2017-09-01,1984-04-01,33
996,njeffcoatrn@photobucket.com,,,2017-02-21,1965-07-15,52
997,tfeldbergerro@networkadvertising.org,,,2017-03-28,1982-09-10,35
998,driggeyrp@chronoengine.com,,,2017-09-21,1960-01-23,57
999,jgeraudyrq@cornell.edu,,,2017-07-12,1965-09-15,52
1000,nfersonrr@berkeley.edu,,tigers,2017-10-19,1963-06-19,54
